-- ALUNO
--                VALUES (idAluno, estatuto, nome, password, email, ano, semestre)
INSERT INTO Aluno VALUES (79617, "Normal", "Raul Vilas Boas", "raul", "raul@dss.com", 3, 1);
INSERT INTO Aluno VALUES (79175, "Normal", "Vitor Peixoto", "vitor", "vitor@dss.com", 3, 1);
INSERT INTO Aluno VALUES (78416, "Normal", "Francisco Oliveira", "kiko", "kiko@dss.com", 3, 1);
INSERT INTO Aluno VALUES (78676, "Normal", "Tatiana Nunes", "tatiana", "tatiana@dss.com", 3, 1);
INSERT INTO Aluno VALUES (79613, "Normal", "Helena Poleri", "lena", "lena@dss.com", 3, 1);
INSERT INTO Aluno VALUES (79112, "Normal", "Jorge Oliveira", "jorge", "jorge@dss.com", 3, 1);
INSERT INTO Aluno VALUES (78331, "Normal", "Tiago Freitas", "tiago", "tiago@dss.com", 3, 1);
INSERT INTO Aluno VALUES (79321, "Normal", "André Pinheiro", "andre", "andrep@dss.com", 3, 1);
INSERT INTO Aluno VALUES (78342, "Normal", "Gustavo Pereira", "gustavo", "gustavo@dss.com", 3, 1);
INSERT INTO Aluno VALUES (79111, "Normal", "José Ribeiro", "andre", "jose@dss.com", 3, 1);
INSERT INTO Aluno VALUES (79622, "Normal", "Ricardo Neves", "ricardo", "ricardo@dss.com", 3, 1);
INSERT INTO Aluno VALUES (78542, "Normal", "Carlos Santos", "carlos", "carlos@dss.com", 3, 1);
INSERT INTO Aluno VALUES (77521, "Normal", "Mariana Souto", "mariana", "mariana@dss.com", 3, 1);
INSERT INTO Aluno VALUES (79211, "Normal", "Rita Lopes", "rita", "rita@dss.com", 3, 1);
INSERT INTO Aluno VALUES (79632, "Normal", "Bruno Sousa", "bruno", "bruno@dss.com", 3, 1);
INSERT INTO Aluno VALUES (77821, "Normal", "Gil Cunha", "gil", "gil@dss.com", 3, 1);
INSERT INTO Aluno VALUES (77802, "Normal", "Salvador Sobral", "salvador", "salvador@dss.com", 3, 1);
INSERT INTO Aluno VALUES (79023, "Trabalhador", "João das Neves", "joao", "joao@dss.com", 3, 1);
INSERT INTO Aluno VALUES (78999, "Trabalhador", "Hugo António", "hugo", "hugo@dss.com", 3, 1);
INSERT INTO Aluno VALUES (79444, "Trabalhador", "Daniel Antunes", "daniel", "daniel@dss.com", 3, 1);
INSERT INTO Aluno VALUES (77666, "Trabalhador", "Maria Pereira", "Maria", "maria@dss.com", 3, 1);
INSERT INTO Aluno VALUES (78666, "Trabalhador", "Mafalda Fontes", "mafalda", "mafalda@dss.com", 3, 1);
INSERT INTO Aluno VALUES (79122, "Trabalhador", "Francisca Dias", "kika", "kika@dss.com", 3, 1);
INSERT INTO Aluno VALUES (78703, "Normal", "Fátima Lopes", "fatima", "fatima@dss.com", 3, 1);
INSERT INTO Aluno VALUES (77777, "Trabalhador", "Yoko Ano", "yoko", "yoko@dss.com", 3, 1);
INSERT INTO Aluno VALUES (78787, "Trabalhador", "Arthur Williams", "arthur", "arthur@dss.com", 3, 1);

/*

INSERT INTO Aluno VALUES (78702, "Normal", "Orlando Feio", "orlando", "orlando@dss.com", 3, 1);
INSERT INTO Aluno VALUES (77671, "Normal", "Fábio Fontes", "fabio", "fabio@dss.com", 3, 1);
INSERT INTO Aluno VALUES (79703, "Normal", "Diogo Sampaio", "diogo", "diogo@dss.com", 3, 1);
INSERT INTO Aluno VALUES (78663, "Normal", "Sofia Ribeiro", "sofia", "sofia@dss.com", 3, 1);
INSERT INTO Aluno VALUES (78773, "Normal", "Alexandre Soares", "alex", "alex@dss.com", 3, 1);
INSERT INTO Aluno VALUES (78883, "Normal", "Marlene Costa", "marlene", "marlene@dss.com", 3, 1);
INSERT INTO Aluno VALUES (78993, "Normal", "Ana Carvalho", "ana", "ana@dss.com", 3, 1);
*/
-- DOCENTE
--                  VALUES (idDocente, nome, email, password, estatuto)
INSERT INTO Docente VALUES (10000, "Pedro Henriques", "prh@dss.com", "prh", "Diretor Curso");
INSERT INTO Docente VALUES (10012, "Valério Carvalho", "vc@dss.com", "vc", "Diretor UC");
INSERT INTO Docente VALUES (10354, "Telmo Pinto", "tp@dss.com", "tp", "Docente");
INSERT INTO Docente VALUES (10144, "Creissac Campos", "jcc@dss.com", "jcc", "Diretor UC");
INSERT INTO Docente VALUES (10234, "Nestor Ribeiro", "anr@dss.com", "anr", "Docente");
INSERT INTO Docente VALUES (10212, "Orlando Belo", "ob@dss.com", "ob", "Diretor UC");
INSERT INTO Docente VALUES (10890, "André Ferreira", "af@dss.com", "af", "Docente");
INSERT INTO Docente VALUES (10211, "Teresa Monteiro", "tm@dss.com", "tm", "Diretor UC");
INSERT INTO Docente VALUES (10231, "Senhorinha Teixeira", "st@dss.com", "st", "Docente");
INSERT INTO Docente VALUES (10311, "Paulo Carvalho", "pmc@dss.com", "pmc", "Diretor UC");
INSERT INTO Docente VALUES (10981, "João Marco Silva", "jmc@dss.com", "jmc", "Docente");
INSERT INTO Docente VALUES (10237, "Rui Carlos Oliveira", "rco@dss.com", "rco", "Diretor UC");
INSERT INTO Docente VALUES (10238, "Vitor Fonte", "vff@dss.com", "vff", "Docente");
INSERT INTO Docente VALUES (10239, "Carlos Baquero Moreno", "cbm@dss.com", "cbm", "Docente");
INSERT INTO Docente VALUES (10100, "José Bernardo Barros", "jbb@dss.com", "jbb", "Diretor UC");
INSERT INTO Docente VALUES (10101, "José Bacelar", "jba@dss.com", "jba", "Docente");
INSERT INTO Docente VALUES (10112, "Jorge Pinto", "jsp@dss.com", "jsp", "Docente");
INSERT INTO Docente VALUES (10021, "Elfrida Ralha", "mer@dss.com", "mer", "Docente");
INSERT INTO Docente VALUES (10124, "António Costa", "ac@dss.com", "ac", "Diretor UC");
INSERT INTO Docente VALUES (10341, "Tiago Laurentino", "tl@dss.com", "tl", "Docente");
INSERT INTO Docente VALUES (10913, "Yuri Nagarov", "yn@dss.com", "yn", "Docente");
INSERT INTO Docente VALUES (10010, "Rui Ribeiro", "rr@dss.com", "rr", "Docente");


-- CURSO
--                VALUES (idCurso, nome, idDiretorCurso)
INSERT INTO Curso VALUES (10032, "Engenharia Informática", 10000);

-- UC
--             VALUES (codigoUC, nome, ano, semestre, idDiretorUC, abreviatura, idCurso)
INSERT INTO UC VALUES (1, "Modelos Determinísticos de Investigação Operacional", 3, 1, 10012, "MDIO", 10032);
INSERT INTO UC VALUES (2, "Desenvolvimento de Sistemas de Software", 3, 1, 10144, "DSS", 10032);
INSERT INTO UC VALUES (3, "Bases de Dados", 3, 1, 10212, "BD", 10032);
INSERT INTO UC VALUES (4, "Métodos Numéricos e Otimização Não Linear", 3, 1, 10211, "MNONL", 10032);
INSERT INTO UC VALUES (5, "Redes de Computadores", 3, 1, 10311, "RC", 10032);
INSERT INTO UC VALUES (6, "Sistemas Distribuídos", 3, 1, 10237, "SD", 10032);
INSERT INTO UC VALUES (7, "Algoritmos e Complexidade", 2, 1, 10100, "ALGC", 10032);
INSERT INTO UC VALUES (8, "Comunicação de Dados", 2, 1, 10124, "CD", 10032);

-- TIPOAULA
--                   VALUES (idTipo, tipo, limite)
INSERT INTO TipoAula VALUES (1, "Teórica", 200);
INSERT INTO TipoAula VALUES (2, "Teórico-Prática", 50);
INSERT INTO TipoAula VALUES (3, "Prática", 20);

-- TURNOS
--                VALUES (numeroTurno, dia, hora, codigoUC, capSala, idTipo, idDocente)
INSERT INTO Turno VALUES (1, "Terça", 11, 1, 200, 1, 10012); -- teorica mdio
INSERT INTO Turno VALUES (2, "Segunda", 9, 1, 60, 2, 10012);
INSERT INTO Turno VALUES (3, "Quinta", 16, 1, 60, 2, 10012);  
INSERT INTO Turno VALUES (4, "Quarta", 9, 1, 50, 2, 10354);
INSERT INTO Turno VALUES (5, "Quarta", 11, 1, 50, 2, 10354);

INSERT INTO Turno VALUES (6, "Quinta", 9, 2, 200, 1, 10144); -- teorica dss
INSERT INTO Turno VALUES (7, "Segunda", 11, 2, 25, 3, 10144);
INSERT INTO Turno VALUES (8, "Segunda", 14, 2, 25, 3, 10144);
INSERT INTO Turno VALUES (9, "Terça", 9, 2, 20, 3, 10234);
INSERT INTO Turno VALUES (10, "Quinta", 16, 2, 20, 3, 10234);

INSERT INTO Turno VALUES (11, "Sexta", 11, 3, 200, 1, 10212); -- teorica bd
INSERT INTO Turno VALUES (12, "Segunda", 9, 3, 20, 3, 10212);
INSERT INTO Turno VALUES (13, "Segunda", 11, 3, 20, 3, 10890);
INSERT INTO Turno VALUES (14, "Terça", 9, 3, 20, 3, 10890);
INSERT INTO Turno VALUES (15, "Quarta", 11, 3, 20, 3, 10890);

INSERT INTO Turno VALUES (16, "Quinta", 11, 4, 200, 1, 10211); -- teorica mnol
INSERT INTO Turno VALUES (17, "Terça", 9, 4, 30, 2, 10211);
INSERT INTO Turno VALUES (18, "Quinta", 16, 4, 30, 2, 10231);
INSERT INTO Turno VALUES (19, "Quarta", 11, 4, 30, 2, 10231);
INSERT INTO Turno VALUES (20, "Quarta", 9, 4, 30, 2, 10231);

INSERT INTO Turno VALUES (21, "Terça", 14, 5, 200, 1, 10311); -- teorica rc
INSERT INTO Turno VALUES (22, "Segunda", 9, 5, 20, 3, 10311);
INSERT INTO Turno VALUES (23, "Segunda", 11, 5, 20, 3, 10981);
INSERT INTO Turno VALUES (24, "Quarta", 9, 5, 20, 3, 10981);
INSERT INTO Turno VALUES (25, "Segunda", 14, 5, 20, 3, 10981);

INSERT INTO Turno VALUES (26, "Sexta", 9, 6, 200, 1, 10237); -- teorica SD
INSERT INTO Turno VALUES (27, "Segunda", 14, 6, 20, 3, 10237);
INSERT INTO Turno VALUES (28, "Terça", 9, 6, 20, 3, 10238);
INSERT INTO Turno VALUES (29, "Segunda", 9, 6, 20, 3, 10238);
INSERT INTO Turno VALUES (30, "Quarta", 11, 6, 20, 3, 10238);

INSERT INTO Turno VALUES (31, "Segunda", 16, 7, 200, 1, 10100); -- teorica algoritmos
INSERT INTO Turno VALUES (35, "Quinta", 16, 7, 60, 2, 10101);

INSERT INTO Turno VALUES (36, "Quinta", 14, 8, 200, 1, 10124); -- teorica cd
INSERT INTO Turno VALUES (38, "Quarta", 9, 8, 50, 2, 10341);

-- REGISTO
--                  VALUES (idAluno, numeroTurno, codigoUC, faltas, aulas)
-- Horário 1
INSERT INTO Registo VALUES (79617, 2, 1, 0, 0);
INSERT INTO Registo VALUES (79617, 7, 2, 0, 0);
INSERT INTO Registo VALUES (79617, 14, 3, 0, 0);
INSERT INTO Registo VALUES (79617, 20, 4, 0, 0);
INSERT INTO Registo VALUES (79617, 25, 5, 0, 0);
INSERT INTO Registo VALUES (79617, 30, 6, 0, 0);
INSERT INTO Registo VALUES (79617, 35, 7, 0, 0);
INSERT INTO Registo VALUES (79617, 1, 1, 0, 0);
INSERT INTO Registo VALUES (79617, 6, 2, 0, 0);
INSERT INTO Registo VALUES (79617, 11, 3, 0, 0);
INSERT INTO Registo VALUES (79617, 16, 4, 0, 0);
INSERT INTO Registo VALUES (79617, 21, 5, 0, 0);
INSERT INTO Registo VALUES (79617, 26, 6, 0, 0);
INSERT INTO Registo VALUES (79617, 31, 7, 0, 0);

-- Horário 2
INSERT INTO Registo VALUES (79175, 5, 1, 0, 0);
INSERT INTO Registo VALUES (79175, 8, 2, 0, 0);
INSERT INTO Registo VALUES (79175, 12, 3, 0, 0);
INSERT INTO Registo VALUES (79175, 18, 4, 0, 0);
INSERT INTO Registo VALUES (79175, 23, 5, 0, 0);
INSERT INTO Registo VALUES (79175, 28, 6, 0, 0);
INSERT INTO Registo VALUES (79175, 38, 8, 0, 0);
INSERT INTO Registo VALUES (79175, 1, 1, 0, 0);
INSERT INTO Registo VALUES (79175, 6, 2, 0, 0);
INSERT INTO Registo VALUES (79175, 11, 3, 0, 0);
INSERT INTO Registo VALUES (79175, 16, 4, 0, 0);
INSERT INTO Registo VALUES (79175, 21, 5, 0, 0);
INSERT INTO Registo VALUES (79175, 26, 6, 0, 0);
INSERT INTO Registo VALUES (79175, 36, 8, 0, 0);

-- Horário 3
INSERT INTO Registo VALUES (78416, 4, 1, 0, 0);
INSERT INTO Registo VALUES (78416, 10, 2, 0, 0);
INSERT INTO Registo VALUES (78416, 15, 3, 0, 0);
INSERT INTO Registo VALUES (78416, 17, 4, 0, 0);
INSERT INTO Registo VALUES (78416, 22, 5, 0, 0);
INSERT INTO Registo VALUES (78416, 27, 6, 0, 0);
INSERT INTO Registo VALUES (78416, 1, 1, 0, 0);
INSERT INTO Registo VALUES (78416, 6, 2, 0, 0);
INSERT INTO Registo VALUES (78416, 11, 3, 0, 0);
INSERT INTO Registo VALUES (78416, 16, 4, 0, 0);
INSERT INTO Registo VALUES (78416, 21, 5, 0, 0);
INSERT INTO Registo VALUES (78416, 26, 6, 0, 0);

-- Horário 4
INSERT INTO Registo VALUES (78676, 3, 1, 0, 0);
INSERT INTO Registo VALUES (78676, 9, 2, 0, 0);
INSERT INTO Registo VALUES (78676, 13, 3, 0, 0);
INSERT INTO Registo VALUES (78676, 19, 4, 0, 0);
INSERT INTO Registo VALUES (78676, 24, 5, 0, 0);
INSERT INTO Registo VALUES (78676, 29, 6, 0, 0);
INSERT INTO Registo VALUES (78676, 1, 1, 0, 0);
INSERT INTO Registo VALUES (78676, 6, 2, 0, 0);
INSERT INTO Registo VALUES (78676, 11, 3, 0, 0);
INSERT INTO Registo VALUES (78676, 16, 4, 0, 0);
INSERT INTO Registo VALUES (78676, 21, 5, 0, 0);
INSERT INTO Registo VALUES (78676, 26, 6, 0, 0);


--
INSERT INTO Registo VALUES (79613, 2, 1, 0, 0);
INSERT INTO Registo VALUES (79613, 7, 2, 0, 0);
INSERT INTO Registo VALUES (79613, 14, 3, 0, 0);
INSERT INTO Registo VALUES (79613, 20, 4, 0, 0);
INSERT INTO Registo VALUES (79613, 25, 5, 0, 0);
INSERT INTO Registo VALUES (79613, 30, 6, 0, 0);
INSERT INTO Registo VALUES (79613, 35, 7, 0, 0);
INSERT INTO Registo VALUES (79613, 1, 1, 0, 0);
INSERT INTO Registo VALUES (79613, 6, 2, 0, 0);
INSERT INTO Registo VALUES (79613, 11, 3, 0, 0);
INSERT INTO Registo VALUES (79613, 16, 4, 0, 0);
INSERT INTO Registo VALUES (79613, 21, 5, 0, 0);
INSERT INTO Registo VALUES (79613, 26, 6, 0, 0);
INSERT INTO Registo VALUES (79613, 31, 7, 0, 0);

INSERT INTO Registo VALUES (79112, 5, 1, 0, 0);
INSERT INTO Registo VALUES (79112, 8, 2, 0, 0);
INSERT INTO Registo VALUES (79112, 12, 3, 0, 0);
INSERT INTO Registo VALUES (79112, 18, 4, 0, 0);
INSERT INTO Registo VALUES (79112, 23, 5, 0, 0);
INSERT INTO Registo VALUES (79112, 28, 6, 0, 0);
INSERT INTO Registo VALUES (79112, 38, 8, 0, 0);
INSERT INTO Registo VALUES (79112, 1, 1, 0, 0);
INSERT INTO Registo VALUES (79112, 6, 2, 0, 0);
INSERT INTO Registo VALUES (79112, 11, 3, 0, 0);
INSERT INTO Registo VALUES (79112, 16, 4, 0, 0);
INSERT INTO Registo VALUES (79112, 21, 5, 0, 0);
INSERT INTO Registo VALUES (79112, 26, 6, 0, 0);
INSERT INTO Registo VALUES (79112, 36, 8, 0, 0);

INSERT INTO Registo VALUES (78331, 4, 1, 0, 0);
INSERT INTO Registo VALUES (78331, 10, 2, 0, 0);
INSERT INTO Registo VALUES (78331, 15, 3, 0, 0);
INSERT INTO Registo VALUES (78331, 17, 4, 0, 0);
INSERT INTO Registo VALUES (78331, 22, 5, 0, 0);
INSERT INTO Registo VALUES (78331, 27, 6, 0, 0);
INSERT INTO Registo VALUES (78331, 1, 1, 0, 0);
INSERT INTO Registo VALUES (78331, 6, 2, 0, 0);
INSERT INTO Registo VALUES (78331, 11, 3, 0, 0);
INSERT INTO Registo VALUES (78331, 16, 4, 0, 0);
INSERT INTO Registo VALUES (78331, 21, 5, 0, 0);
INSERT INTO Registo VALUES (78331, 26, 6, 0, 0);

INSERT INTO Registo VALUES (79321, 3, 1, 0, 0);
INSERT INTO Registo VALUES (79321, 9, 2, 0, 0);
INSERT INTO Registo VALUES (79321, 13, 3, 0, 0);
INSERT INTO Registo VALUES (79321, 19, 4, 0, 0);
INSERT INTO Registo VALUES (79321, 24, 5, 0, 0);
INSERT INTO Registo VALUES (79321, 29, 6, 0, 0);
INSERT INTO Registo VALUES (79321, 1, 1, 0, 0);
INSERT INTO Registo VALUES (79321, 6, 2, 0, 0);
INSERT INTO Registo VALUES (79321, 11, 3, 0, 0);
INSERT INTO Registo VALUES (79321, 16, 4, 0, 0);
INSERT INTO Registo VALUES (79321, 21, 5, 0, 0);
INSERT INTO Registo VALUES (79321, 26, 6, 0, 0);

--
INSERT INTO Registo VALUES (78342, 2, 1, 0, 0);
INSERT INTO Registo VALUES (78342, 7, 2, 0, 0);
INSERT INTO Registo VALUES (78342, 14, 3, 0, 0);
INSERT INTO Registo VALUES (78342, 20, 4, 0, 0);
INSERT INTO Registo VALUES (78342, 25, 5, 0, 0);
INSERT INTO Registo VALUES (78342, 30, 6, 0, 0);
INSERT INTO Registo VALUES (78342, 35, 7, 0, 0);
INSERT INTO Registo VALUES (78342, 1, 1, 0, 0);
INSERT INTO Registo VALUES (78342, 6, 2, 0, 0);
INSERT INTO Registo VALUES (78342, 11, 3, 0, 0);
INSERT INTO Registo VALUES (78342, 16, 4, 0, 0);
INSERT INTO Registo VALUES (78342, 21, 5, 0, 0);
INSERT INTO Registo VALUES (78342, 26, 6, 0, 0);
INSERT INTO Registo VALUES (78342, 31, 7, 0, 0);

INSERT INTO Registo VALUES (79111, 5, 1, 0, 0);
INSERT INTO Registo VALUES (79111, 8, 2, 0, 0);
INSERT INTO Registo VALUES (79111, 12, 3, 0, 0);
INSERT INTO Registo VALUES (79111, 18, 4, 0, 0);
INSERT INTO Registo VALUES (79111, 23, 5, 0, 0);
INSERT INTO Registo VALUES (79111, 28, 6, 0, 0);
INSERT INTO Registo VALUES (79111, 38, 8, 0, 0);
INSERT INTO Registo VALUES (79111, 1, 1, 0, 0);
INSERT INTO Registo VALUES (79111, 6, 2, 0, 0);
INSERT INTO Registo VALUES (79111, 11, 3, 0, 0);
INSERT INTO Registo VALUES (79111, 16, 4, 0, 0);
INSERT INTO Registo VALUES (79111, 21, 5, 0, 0);
INSERT INTO Registo VALUES (79111, 26, 6, 0, 0);
INSERT INTO Registo VALUES (79111, 36, 8, 0, 0);


INSERT INTO Registo VALUES (79622, 4, 1, 0, 0);
INSERT INTO Registo VALUES (79622, 10, 2, 0, 0);
INSERT INTO Registo VALUES (79622, 15, 3, 0, 0);
INSERT INTO Registo VALUES (79622, 17, 4, 0, 0);
INSERT INTO Registo VALUES (79622, 22, 5, 0, 0);
INSERT INTO Registo VALUES (79622, 27, 6, 0, 0);
INSERT INTO Registo VALUES (79622, 1, 1, 0, 0);
INSERT INTO Registo VALUES (79622, 6, 2, 0, 0);
INSERT INTO Registo VALUES (79622, 11, 3, 0, 0);
INSERT INTO Registo VALUES (79622, 16, 4, 0, 0);
INSERT INTO Registo VALUES (79622, 21, 5, 0, 0);
INSERT INTO Registo VALUES (79622, 26, 6, 0, 0);


INSERT INTO Registo VALUES (78542, 3, 1, 0, 0);
INSERT INTO Registo VALUES (78542, 9, 2, 0, 0);
INSERT INTO Registo VALUES (78542, 13, 3, 0, 0);
INSERT INTO Registo VALUES (78542, 19, 4, 0, 0);
INSERT INTO Registo VALUES (78542, 24, 5, 0, 0);
INSERT INTO Registo VALUES (78542, 29, 6, 0, 0);
INSERT INTO Registo VALUES (78542, 1, 1, 0, 0);
INSERT INTO Registo VALUES (78542, 6, 2, 0, 0);
INSERT INTO Registo VALUES (78542, 11, 3, 0, 0);
INSERT INTO Registo VALUES (78542, 16, 4, 0, 0);
INSERT INTO Registo VALUES (78542, 21, 5, 0, 0);
INSERT INTO Registo VALUES (78542, 26, 6, 0, 0);


--
INSERT INTO Registo VALUES (77521, 2, 1, 0, 0);
INSERT INTO Registo VALUES (77521, 7, 2, 0, 0);
INSERT INTO Registo VALUES (77521, 14, 3, 0, 0);
INSERT INTO Registo VALUES (77521, 20, 4, 0, 0);
INSERT INTO Registo VALUES (77521, 25, 5, 0, 0);
INSERT INTO Registo VALUES (77521, 30, 6, 0, 0);
INSERT INTO Registo VALUES (77521, 35, 7, 0, 0);
INSERT INTO Registo VALUES (77521, 1, 1, 0, 0);
INSERT INTO Registo VALUES (77521, 6, 2, 0, 0);
INSERT INTO Registo VALUES (77521, 11, 3, 0, 0);
INSERT INTO Registo VALUES (77521, 16, 4, 0, 0);
INSERT INTO Registo VALUES (77521, 21, 5, 0, 0);
INSERT INTO Registo VALUES (77521, 26, 6, 0, 0);
INSERT INTO Registo VALUES (77521, 31, 7, 0, 0);

INSERT INTO Registo VALUES (79211, 5, 1, 0, 0);
INSERT INTO Registo VALUES (79211, 8, 2, 0, 0);
INSERT INTO Registo VALUES (79211, 12, 3, 0, 0);
INSERT INTO Registo VALUES (79211, 18, 4, 0, 0);
INSERT INTO Registo VALUES (79211, 23, 5, 0, 0);
INSERT INTO Registo VALUES (79211, 28, 6, 0, 0);
INSERT INTO Registo VALUES (79211, 38, 8, 0, 0);
INSERT INTO Registo VALUES (79211, 1, 1, 0, 0);
INSERT INTO Registo VALUES (79211, 6, 2, 0, 0);
INSERT INTO Registo VALUES (79211, 11, 3, 0, 0);
INSERT INTO Registo VALUES (79211, 16, 4, 0, 0);
INSERT INTO Registo VALUES (79211, 21, 5, 0, 0);
INSERT INTO Registo VALUES (79211, 26, 6, 0, 0);
INSERT INTO Registo VALUES (79211, 36, 8, 0, 0);



INSERT INTO Registo VALUES (79632, 4, 1, 0, 0);
INSERT INTO Registo VALUES (79632, 10, 2, 0, 0);
INSERT INTO Registo VALUES (79632, 15, 3, 0, 0);
INSERT INTO Registo VALUES (79632, 17, 4, 0, 0);
INSERT INTO Registo VALUES (79632, 22, 5, 0, 0);
INSERT INTO Registo VALUES (79632, 27, 6, 0, 0);
INSERT INTO Registo VALUES (79632, 1, 1, 0, 0);
INSERT INTO Registo VALUES (79632, 6, 2, 0, 0);
INSERT INTO Registo VALUES (79632, 11, 3, 0, 0);
INSERT INTO Registo VALUES (79632, 16, 4, 0, 0);
INSERT INTO Registo VALUES (79632, 21, 5, 0, 0);
INSERT INTO Registo VALUES (79632, 26, 6, 0, 0);


INSERT INTO Registo VALUES (77821, 3, 1, 0, 0);
INSERT INTO Registo VALUES (77821, 9, 2, 0, 0);
INSERT INTO Registo VALUES (77821, 13, 3, 0, 0);
INSERT INTO Registo VALUES (77821, 19, 4, 0, 0);
INSERT INTO Registo VALUES (77821, 24, 5, 0, 0);
INSERT INTO Registo VALUES (77821, 29, 6, 0, 0);
INSERT INTO Registo VALUES (77821, 1, 1, 0, 0);
INSERT INTO Registo VALUES (77821, 6, 2, 0, 0);
INSERT INTO Registo VALUES (77821, 11, 3, 0, 0);
INSERT INTO Registo VALUES (77821, 16, 4, 0, 0);
INSERT INTO Registo VALUES (77821, 21, 5, 0, 0);
INSERT INTO Registo VALUES (77821, 26, 6, 0, 0);


--
INSERT INTO Registo VALUES (77802, 2, 1, 0, 0);
INSERT INTO Registo VALUES (77802, 7, 2, 0, 0);
INSERT INTO Registo VALUES (77802, 14, 3, 0, 0);
INSERT INTO Registo VALUES (77802, 20, 4, 0, 0);
INSERT INTO Registo VALUES (77802, 25, 5, 0, 0);
INSERT INTO Registo VALUES (77802, 30, 6, 0, 0);
INSERT INTO Registo VALUES (77802, 35, 7, 0, 0);
INSERT INTO Registo VALUES (77802, 1, 1, 0, 0);
INSERT INTO Registo VALUES (77802, 6, 2, 0, 0);
INSERT INTO Registo VALUES (77802, 11, 3, 0, 0);
INSERT INTO Registo VALUES (77802, 16, 4, 0, 0);
INSERT INTO Registo VALUES (77802, 21, 5, 0, 0);
INSERT INTO Registo VALUES (77802, 26, 6, 0, 0);
INSERT INTO Registo VALUES (77802, 31, 7, 0, 0);


INSERT INTO Registo VALUES (79023, 5, 1, 0, 0);
INSERT INTO Registo VALUES (79023, 8, 2, 0, 0);
INSERT INTO Registo VALUES (79023, 12, 3, 0, 0);
INSERT INTO Registo VALUES (79023, 18, 4, 0, 0);
INSERT INTO Registo VALUES (79023, 23, 5, 0, 0);
INSERT INTO Registo VALUES (79023, 28, 6, 0, 0);
INSERT INTO Registo VALUES (79023, 38, 8, 0, 0);
INSERT INTO Registo VALUES (79023, 1, 1, 0, 0);
INSERT INTO Registo VALUES (79023, 6, 2, 0, 0);
INSERT INTO Registo VALUES (79023, 11, 3, 0, 0);
INSERT INTO Registo VALUES (79023, 16, 4, 0, 0);
INSERT INTO Registo VALUES (79023, 21, 5, 0, 0);
INSERT INTO Registo VALUES (79023, 26, 6, 0, 0);
INSERT INTO Registo VALUES (79023, 36, 8, 0, 0);


INSERT INTO Registo VALUES (78999, 4, 1, 0, 0);
INSERT INTO Registo VALUES (78999, 10, 2, 0, 0);
INSERT INTO Registo VALUES (78999, 15, 3, 0, 0);
INSERT INTO Registo VALUES (78999, 17, 4, 0, 0);
INSERT INTO Registo VALUES (78999, 22, 5, 0, 0);
INSERT INTO Registo VALUES (78999, 27, 6, 0, 0);
INSERT INTO Registo VALUES (78999, 1, 1, 0, 0);
INSERT INTO Registo VALUES (78999, 6, 2, 0, 0);
INSERT INTO Registo VALUES (78999, 11, 3, 0, 0);
INSERT INTO Registo VALUES (78999, 16, 4, 0, 0);
INSERT INTO Registo VALUES (78999, 21, 5, 0, 0);
INSERT INTO Registo VALUES (78999, 26, 6, 0, 0);

INSERT INTO Registo VALUES (79444, 3, 1, 0, 0);
INSERT INTO Registo VALUES (79444, 9, 2, 0, 0);
INSERT INTO Registo VALUES (79444, 13, 3, 0, 0);
INSERT INTO Registo VALUES (79444, 19, 4, 0, 0);
INSERT INTO Registo VALUES (79444, 24, 5, 0, 0);
INSERT INTO Registo VALUES (79444, 29, 6, 0, 0);
INSERT INTO Registo VALUES (79444, 1, 1, 0, 0);
INSERT INTO Registo VALUES (79444, 6, 2, 0, 0);
INSERT INTO Registo VALUES (79444, 11, 3, 0, 0);
INSERT INTO Registo VALUES (79444, 16, 4, 0, 0);
INSERT INTO Registo VALUES (79444, 21, 5, 0, 0);
INSERT INTO Registo VALUES (79444, 26, 6, 0, 0);

-- padrão acaba a partir daqui, agora é horário 3, horário 4
-- horario 3
INSERT INTO Registo VALUES (77666, 4, 1, 0, 0);
INSERT INTO Registo VALUES (77666, 10, 2, 0, 0);
INSERT INTO Registo VALUES (77666, 15, 3, 0, 0);
INSERT INTO Registo VALUES (77666, 17, 4, 0, 0);
INSERT INTO Registo VALUES (77666, 22, 5, 0, 0);
INSERT INTO Registo VALUES (77666, 27, 6, 0, 0);
INSERT INTO Registo VALUES (77666, 1, 1, 0, 0);
INSERT INTO Registo VALUES (77666, 6, 2, 0, 0);
INSERT INTO Registo VALUES (77666, 11, 3, 0, 0);
INSERT INTO Registo VALUES (77666, 16, 4, 0, 0);
INSERT INTO Registo VALUES (77666, 21, 5, 0, 0);
INSERT INTO Registo VALUES (77666, 26, 6, 0, 0);

-- horario 4
INSERT INTO Registo VALUES (78666, 3, 1, 0, 0);
INSERT INTO Registo VALUES (78666, 9, 2, 0, 0);
INSERT INTO Registo VALUES (78666, 13, 3, 0, 0);
INSERT INTO Registo VALUES (78666, 19, 4, 0, 0);
INSERT INTO Registo VALUES (78666, 24, 5, 0, 0);
INSERT INTO Registo VALUES (78666, 29, 6, 0, 0);
INSERT INTO Registo VALUES (78666, 1, 1, 0, 0);
INSERT INTO Registo VALUES (78666, 6, 2, 0, 0);
INSERT INTO Registo VALUES (78666, 11, 3, 0, 0);
INSERT INTO Registo VALUES (78666, 16, 4, 0, 0);
INSERT INTO Registo VALUES (78666, 21, 5, 0, 0);
INSERT INTO Registo VALUES (78666, 26, 6, 0, 0);

--
INSERT INTO Registo VALUES (79122, 4, 1, 0, 0);
INSERT INTO Registo VALUES (79122, 10, 2, 0, 0);
INSERT INTO Registo VALUES (79122, 15, 3, 0, 0);
INSERT INTO Registo VALUES (79122, 17, 4, 0, 0);
INSERT INTO Registo VALUES (79122, 22, 5, 0, 0);
INSERT INTO Registo VALUES (79122, 27, 6, 0, 0);
INSERT INTO Registo VALUES (79122, 1, 1, 0, 0);
INSERT INTO Registo VALUES (79122, 6, 2, 0, 0);
INSERT INTO Registo VALUES (79122, 11, 3, 0, 0);
INSERT INTO Registo VALUES (79122, 16, 4, 0, 0);
INSERT INTO Registo VALUES (79122, 21, 5, 0, 0);
INSERT INTO Registo VALUES (79122, 26, 6, 0, 0);

INSERT INTO Registo VALUES (78703, 3, 1, 0, 0);
INSERT INTO Registo VALUES (78703, 9, 2, 0, 0);
INSERT INTO Registo VALUES (78703, 13, 3, 0, 0);
INSERT INTO Registo VALUES (78703, 19, 4, 0, 0);
INSERT INTO Registo VALUES (78703, 24, 5, 0, 0);
INSERT INTO Registo VALUES (78703, 29, 6, 0, 0);
INSERT INTO Registo VALUES (78703, 1, 1, 0, 0);
INSERT INTO Registo VALUES (78703, 6, 2, 0, 0);
INSERT INTO Registo VALUES (78703, 11, 3, 0, 0);
INSERT INTO Registo VALUES (78703, 16, 4, 0, 0);
INSERT INTO Registo VALUES (78703, 21, 5, 0, 0);
INSERT INTO Registo VALUES (78703, 26, 6, 0, 0);

INSERT INTO Registo VALUES (77777, 1, 1, 0, 0); 
INSERT INTO Registo VALUES (77777, 3, 1, 0, 0);
INSERT INTO Registo VALUES (77777, 6, 2, 0, 0);
INSERT INTO Registo VALUES (77777, 9, 2, 0, 0);
INSERT INTO Registo VALUES (77777, 21, 5, 0, 0);

INSERT INTO Registo VALUES (78787, 1, 1, 0, 0);
INSERT INTO Registo VALUES (78787, 5, 1, 0, 0);
INSERT INTO Registo VALUES (78787, 6, 2, 0, 0);
INSERT INTO Registo VALUES (78787, 10, 2, 0, 0);
INSERT INTO Registo VALUES (78787, 11, 3, 0, 0);
INSERT INTO Registo VALUES (78787, 13, 3, 0, 0);

-- INFOEXTRA
--                    VALUES (fase, id (sempre 1!))
INSERT INTO InfoExtra VALUES (1, 1);